{"type": "metrics", "dataset": "train", "precision": 0.870658454505048, "balanced_accuracy": 0.705847020956984, "recall": 0.8426227493393965, "f1_score": 0.8564112172881144}
{"type": "metrics", "dataset": "test", "precision": 0.8801707640217872, "balanced_accuracy": 0.7083901202351914, "recall": 0.8431814976731068, "f1_score": 0.8612791702679343}
{"type": "cm_matrix", "dataset": "train", "true_0": {"predicted_0": 16273, "predicted_1": 0}, "true_1": {"predicted_0": 0, "predicted_1": 4727}}
{"type": "cm_matrix", "dataset": "test", "true_0": {"predicted_0": 7091, "predicted_1": 0}, "true_1": {"predicted_0": 0, "predicted_1": 1909}}
